ts,phase,gpu_mem_tree_gb,gpu_mem_total_gb,gpu_util_pct,ram_used_gb,ram_total_gb,cpu_pct_sys,cpu_pct_proc_tree,rss_tree_gb,tree_pid_count
1778597041.22,init,0.000,0.000,0.0,5.07,119.64,0.0,0.0,0.01,2
1778597043.28,init,0.000,0.000,0.0,5.55,119.64,10.4,0.0,0.69,4
1778597045.35,setup/sh_6k,0.000,0.000,0.0,5.60,119.64,2.4,0.0,0.76,4
1778597047.42,setup/sh_6k,0.000,0.000,0.0,5.87,119.64,3.4,0.0,1.47,5
1778597049.47,indexing/sh_6k,0.412,0.412,1.0,6.52,119.64,2.4,0.0,1.75,5
1778597051.54,indexing/sh_6k,0.740,0.740,1.0,7.25,119.64,1.5,0.0,2.12,5
1778597053.59,indexing/sh_6k,1.041,1.041,1.0,7.91,119.64,1.6,0.0,2.48,5
1778597055.65,indexing/sh_6k,1.451,1.451,1.0,8.72,119.64,1.2,0.0,2.85,5
1778597057.70,indexing/sh_6k,1.861,1.861,1.0,9.52,119.64,1.5,0.0,3.26,5
1778597059.75,indexing/sh_6k,2.162,2.162,1.0,10.16,119.64,1.4,0.0,3.61,5
1778597061.81,indexing/sh_6k,2.572,2.572,1.0,10.95,119.64,1.4,0.0,3.96,5
1778597063.86,indexing/sh_6k,2.982,2.982,1.0,11.61,119.64,1.3,0.0,4.32,5
1778597065.93,indexing/sh_6k,3.975,3.975,2.0,13.54,119.64,1.7,0.0,5.12,5
1778597067.99,indexing/sh_6k,4.850,4.850,1.0,15.56,119.64,1.9,0.0,6.21,5
1778597070.05,indexing/sh_6k,5.068,5.068,1.0,11.95,119.64,2.1,0.0,1.84,5
1778597072.11,indexing/sh_6k,5.479,5.479,1.0,12.71,119.64,1.5,0.0,2.19,5
1778597074.17,indexing/sh_6k,6.189,6.189,1.0,13.76,119.64,1.5,0.0,2.94,5
1778597076.23,indexing/sh_6k,6.600,6.600,2.0,14.54,119.64,1.4,0.0,3.31,5
1778597078.29,indexing/sh_6k,6.900,6.900,1.0,15.20,119.64,1.3,0.0,3.66,5
1778597080.34,indexing/sh_6k,7.279,7.279,1.0,15.93,119.64,1.3,0.0,4.02,5
1778597082.39,indexing/sh_6k,8.049,8.049,1.0,17.36,119.64,1.6,0.0,4.76,5
1778597084.46,indexing/sh_6k,8.400,8.400,2.0,18.06,119.64,1.3,0.0,5.12,5
1778597086.52,indexing/sh_6k,8.760,8.760,2.0,18.79,119.64,1.1,0.0,5.49,5
1778597088.58,indexing/sh_6k,9.170,9.170,1.0,19.59,119.64,1.3,0.0,5.87,5
1778597090.64,indexing/sh_6k,9.471,9.471,2.0,18.99,119.64,1.4,0.0,4.56,5
1778597092.70,indexing/sh_6k,9.799,9.799,1.0,16.55,119.64,2.0,0.0,1.96,5
1778597094.75,indexing/sh_6k,10.619,10.619,2.0,17.88,119.64,1.7,0.0,2.70,5
1778597096.81,indexing/sh_6k,10.920,10.920,1.0,18.52,119.64,1.6,0.0,3.05,5
1778597098.86,indexing/sh_6k,11.330,11.330,1.0,19.28,119.64,1.3,0.0,3.41,5
1778597100.92,indexing/sh_6k,11.631,11.631,2.0,19.94,119.64,1.3,0.0,3.77,5
1778597102.98,indexing/sh_6k,12.369,12.369,1.0,21.44,119.64,1.6,0.0,4.51,5
1778597105.04,indexing/sh_6k,12.779,12.779,1.0,22.21,119.64,1.2,0.0,4.87,5
1778597107.10,indexing/sh_6k,13.189,13.189,1.0,22.99,119.64,1.4,0.0,5.23,5
1778597109.15,indexing/sh_6k,13.490,13.490,1.0,23.67,119.64,1.3,0.0,5.60,5
1778597111.20,indexing/sh_6k,13.900,13.900,1.0,24.44,119.64,1.3,0.0,5.97,5
1778597113.26,indexing/sh_6k,14.174,14.174,1.0,21.63,119.64,1.8,0.0,2.57,5
1778597115.31,indexing/sh_6k,14.611,14.611,1.0,21.37,119.64,1.7,0.0,1.98,5
1778597117.36,indexing/sh_6k,14.912,14.912,1.0,22.01,119.64,1.4,0.0,2.34,5
1778597119.43,query/sh_6k,15.329,15.329,0.0,22.55,119.64,6.5,0.0,2.61,5
1778597121.48,query/sh_6k,15.329,15.329,0.0,22.57,119.64,0.4,0.0,2.61,5
1778597123.54,query/sh_6k,15.329,15.329,0.0,22.57,119.64,0.3,0.0,2.61,5
1778597125.60,query/sh_6k,15.329,15.329,0.0,22.57,119.64,0.3,0.0,2.61,5
1778597127.65,query/sh_6k,15.329,15.329,0.0,22.58,119.64,0.3,0.0,2.61,5
1778597129.70,query/sh_6k,15.329,15.329,0.0,22.60,119.64,0.3,0.0,2.61,5
1778597131.75,query/sh_6k,15.329,15.329,0.0,22.58,119.64,0.3,0.0,2.61,5
1778597133.80,query/sh_6k,15.329,15.329,0.0,22.56,119.64,0.3,0.0,2.61,5
1778597135.86,query/sh_6k,15.329,15.329,0.0,22.53,119.64,0.3,0.0,2.61,5
1778597137.92,query/sh_6k,15.329,15.329,0.0,22.54,119.64,0.4,0.0,2.61,5
1778597139.98,query/sh_6k,15.329,15.329,0.0,22.51,119.64,0.3,0.0,2.61,5
1778597142.04,query/sh_6k,15.329,15.329,0.0,22.53,119.64,0.4,0.0,2.61,5
1778597144.09,query/sh_6k,15.329,15.329,0.0,22.53,119.64,0.4,0.0,2.61,5
1778597146.14,query/sh_6k,15.329,15.329,0.0,22.53,119.64,0.4,0.0,2.61,5
1778597148.20,query/sh_6k,15.329,15.329,0.0,22.49,119.64,0.3,0.0,2.61,5
1778597150.26,query/sh_6k,15.329,15.329,0.0,22.49,119.64,0.3,0.0,2.61,5
1778597152.32,query/sh_6k,15.329,15.329,0.0,22.53,119.64,0.4,0.0,2.61,5
1778597154.38,query/sh_6k,15.329,15.329,0.0,22.51,119.64,0.3,0.0,2.61,5
1778597156.43,query/sh_6k,15.329,15.329,0.0,22.49,119.64,0.4,0.0,2.61,5
1778597158.48,query/sh_6k,15.329,15.329,0.0,22.47,119.64,0.3,0.0,2.61,5
1778597160.54,query/sh_6k,15.329,15.329,0.0,22.48,119.64,0.3,0.0,2.61,5
1778597162.60,query/sh_6k,15.329,15.329,0.0,22.49,119.64,0.4,0.0,2.61,5
1778597164.66,query/sh_6k,15.329,15.329,0.0,22.49,119.64,0.3,0.0,2.61,5
1778597166.72,query/sh_6k,15.329,15.329,0.0,22.47,119.64,0.4,0.0,2.61,5
1778597168.77,query/sh_6k,15.329,15.329,0.0,22.46,119.64,0.4,0.0,2.61,5
1778597170.82,query/sh_6k,15.329,15.329,0.0,22.47,119.64,0.3,0.0,2.61,5
1778597172.87,query/sh_6k,15.329,15.329,0.0,22.47,119.64,0.4,0.0,2.61,5
1778597174.92,query/sh_6k,15.329,15.329,0.0,22.47,119.64,0.3,0.0,2.61,5
1778597176.98,query/sh_6k,15.329,15.329,0.0,22.47,119.64,0.4,0.0,2.61,5
1778597179.04,query/sh_6k,15.329,15.329,0.0,22.48,119.64,0.3,0.0,2.61,5
1778597181.10,query/sh_6k,15.329,15.329,0.0,22.47,119.64,0.4,0.0,2.61,5
1778597183.16,query/sh_6k,15.329,15.329,0.0,22.48,119.64,0.3,0.0,2.61,5
1778597185.21,query/sh_6k,15.329,15.329,0.0,22.48,119.64,0.3,0.0,2.61,5
1778597187.26,query/sh_6k,15.329,15.329,0.0,22.47,119.64,0.4,0.0,2.61,5
1778597189.32,query/sh_6k,15.329,15.329,0.0,22.45,119.64,0.3,0.0,2.61,5
1778597191.39,query/sh_6k,15.329,15.329,0.0,22.46,119.64,0.3,0.0,2.61,5
1778597193.44,query/sh_6k,15.329,15.329,0.0,22.49,119.64,0.3,0.0,2.61,5
1778597195.50,query/sh_6k,15.329,15.329,0.0,22.47,119.64,0.3,0.0,2.61,5
1778597197.55,query/sh_6k,15.329,15.329,0.0,22.47,119.64,0.3,0.0,2.61,5
1778597199.60,query/sh_6k,15.329,15.329,0.0,22.49,119.64,0.3,0.0,2.61,5
1778597201.65,query/sh_6k,15.329,15.329,0.0,22.49,119.64,0.3,0.0,2.61,5
1778597203.70,query/sh_6k,15.329,15.329,0.0,22.49,119.64,0.3,0.0,2.61,5
1778597205.76,query/sh_6k,15.329,15.329,0.0,22.50,119.64,0.3,0.0,2.61,5
1778597207.81,query/sh_6k,15.329,15.329,0.0,22.48,119.64,0.4,0.0,2.61,5
1778597209.87,query/sh_6k,15.329,15.329,0.0,22.49,119.64,0.3,0.0,2.61,5
1778597211.92,query/sh_6k,15.329,15.329,0.0,22.49,119.64,0.3,0.0,2.61,5
1778597213.98,query/sh_6k,15.329,15.329,0.0,22.49,119.64,0.3,0.0,2.61,5
1778597216.04,query/sh_6k,15.329,15.329,0.0,22.52,119.64,0.4,0.0,2.61,5
1778597218.10,query/sh_6k,15.329,15.329,0.0,22.49,119.64,0.3,0.0,2.61,5
1778597220.15,query/sh_6k,15.329,15.329,0.0,22.48,119.64,0.3,0.0,2.61,5
1778597222.20,query/sh_6k,15.329,15.329,0.0,22.48,119.64,0.3,0.0,2.61,5
1778597224.26,query/sh_6k,15.329,15.329,0.0,22.49,119.64,0.3,0.0,2.61,5
1778597226.31,query/sh_6k,15.329,15.329,0.0,22.47,119.64,0.3,0.0,2.61,5
1778597228.36,query/sh_6k,15.329,15.329,0.0,22.48,119.64,0.4,0.0,2.61,5
1778597230.41,query/sh_6k,15.329,15.329,0.0,22.44,119.64,0.3,0.0,2.61,5
1778597232.46,query/sh_6k,15.329,15.329,0.0,22.45,119.64,0.4,0.0,2.61,5
1778597234.52,query/sh_6k,15.329,15.329,0.0,22.45,119.64,0.3,0.0,2.61,5
1778597236.58,query/sh_6k,15.329,15.329,0.0,22.44,119.64,0.3,0.0,2.61,5
1778597238.64,query/sh_6k,15.329,15.329,0.0,22.47,119.64,0.3,0.0,2.61,5
1778597240.70,query/sh_6k,15.329,15.329,0.0,22.49,119.64,0.3,0.0,2.61,5
1778597242.76,query/sh_6k,15.329,15.329,0.0,22.47,119.64,0.4,0.0,2.61,5
1778597244.81,query/sh_6k,15.329,15.329,0.0,22.48,119.64,0.3,0.0,2.61,5
1778597246.87,query/sh_6k,15.329,15.329,0.0,22.48,119.64,0.3,0.0,2.61,5
1778597248.93,query/sh_6k,15.329,15.329,0.0,22.48,119.64,0.3,0.0,2.61,5
1778597250.99,query/sh_6k,15.329,15.329,0.0,22.47,119.64,0.4,0.0,2.61,5
1778597253.05,query/sh_6k,15.329,15.329,0.0,22.47,119.64,0.3,0.0,2.61,5
1778597255.10,query/sh_6k,15.329,15.329,0.0,22.48,119.64,0.2,0.0,2.61,5
1778597257.16,query/sh_6k,15.329,15.329,0.0,22.50,119.64,0.4,0.0,2.61,5
1778597259.22,query/sh_6k,15.329,15.329,0.0,22.50,119.64,0.3,0.0,2.61,5
1778597261.28,query/sh_6k,15.329,15.329,0.0,22.50,119.64,0.4,0.0,2.61,5
1778597263.34,query/sh_6k,15.329,15.329,0.0,22.48,119.64,0.3,0.0,2.61,5
1778597265.40,query/sh_6k,15.329,15.329,0.0,22.46,119.64,0.3,0.0,2.61,5
1778597267.45,query/sh_6k,15.329,15.329,0.0,22.46,119.64,0.5,0.0,2.61,5
1778597269.50,query/sh_6k,15.329,15.329,0.0,22.48,119.64,0.3,0.0,2.61,5
1778597271.55,query/sh_6k,15.329,15.329,0.0,22.46,119.64,0.3,0.0,2.61,5
1778597273.60,query/sh_6k,15.329,15.329,0.0,22.48,119.64,0.3,0.0,2.61,5
1778597275.65,query/sh_6k,15.329,15.329,0.0,22.48,119.64,0.3,0.0,2.61,5
1778597277.71,query/sh_6k,15.329,15.329,0.0,22.44,119.64,0.4,0.0,2.61,5
1778597279.77,query/sh_6k,15.329,15.329,0.0,22.44,119.64,0.3,0.0,2.61,5
1778597281.82,query/sh_6k,15.329,15.329,0.0,22.47,119.64,0.4,0.0,2.61,5
1778597283.88,query/sh_6k,15.329,15.329,0.0,22.46,119.64,0.3,0.0,2.61,5
1778597285.94,query/sh_6k,15.329,15.329,0.0,22.44,119.64,0.3,0.0,2.61,5
1778597287.99,query/sh_6k,15.329,15.329,0.0,22.46,119.64,0.4,0.0,2.61,5
1778597290.05,query/sh_6k,15.329,15.329,0.0,22.45,119.64,0.4,0.0,2.61,5
1778597292.11,query/sh_6k,15.329,15.329,0.0,22.46,119.64,0.4,0.0,2.61,5
1778597294.16,query/sh_6k,15.329,15.329,0.0,22.44,119.64,0.3,0.0,2.61,5
1778597296.21,query/sh_6k,15.329,15.329,0.0,22.45,119.64,0.4,0.0,2.61,5
1778597298.26,query/sh_6k,15.329,15.329,0.0,22.47,119.64,0.3,0.0,2.61,5
1778597300.31,query/sh_6k,15.329,15.329,0.0,22.50,119.64,0.3,0.0,2.61,5
1778597302.36,query/sh_6k,15.329,15.329,0.0,22.51,119.64,0.3,0.0,2.61,5
1778597304.41,query/sh_6k,15.329,15.329,0.0,22.51,119.64,0.3,0.0,2.61,5
1778597306.47,query/sh_6k,15.329,15.329,0.0,22.51,119.64,0.3,0.0,2.61,5
1778597308.52,query/sh_6k,15.329,15.329,0.0,22.53,119.64,0.3,0.0,2.61,5
1778597310.57,query/sh_6k,15.329,15.329,0.0,22.52,119.64,0.3,0.0,2.61,5
1778597312.63,query/sh_6k,15.329,15.329,0.0,22.51,119.64,0.4,0.0,2.61,5
1778597314.69,query/sh_6k,15.329,15.329,0.0,22.51,119.64,0.3,0.0,2.61,5
1778597316.74,query/sh_6k,15.329,15.329,0.0,22.50,119.64,0.4,0.0,2.61,5
1778597318.80,query/sh_6k,15.329,15.329,0.0,22.51,119.64,0.3,0.0,2.61,5
1778597320.86,query/sh_6k,15.329,15.329,0.0,22.52,119.64,0.3,0.0,2.61,5
1778597322.91,query/sh_6k,15.329,15.329,0.0,22.52,119.64,0.4,0.0,2.61,5
1778597324.96,query/sh_6k,15.329,15.329,0.0,22.53,119.64,0.3,0.0,2.61,5
1778597327.01,query/sh_6k,15.329,15.329,0.0,22.52,119.64,0.4,0.0,2.61,5
1778597329.06,query/sh_6k,15.329,15.329,0.0,22.49,119.64,0.3,0.0,2.61,5
1778597331.11,query/sh_6k,15.329,15.329,0.0,22.48,119.64,0.4,0.0,2.61,5
1778597333.17,query/sh_6k,15.329,15.329,0.0,22.47,119.64,0.3,0.0,2.61,5
1778597335.23,query/sh_6k,15.329,15.329,0.0,22.48,119.64,0.3,0.0,2.61,5
1778597337.29,query/sh_6k,15.329,15.329,0.0,22.50,119.64,1.6,0.0,2.61,5
1778597339.35,query/sh_6k,15.329,15.329,0.0,22.52,119.64,0.4,0.0,2.61,5
1778597341.40,query/sh_6k,15.329,15.329,0.0,22.50,119.64,0.5,0.0,2.61,5
1778597343.46,query/sh_6k,15.329,15.329,0.0,22.50,119.64,0.5,0.0,2.61,5
1778597345.52,query/sh_6k,15.329,15.329,0.0,22.51,119.64,0.3,0.0,2.61,5
1778597347.57,query/sh_6k,15.329,15.329,0.0,22.49,119.64,0.8,0.0,2.61,5
1778597349.63,query/sh_6k,15.329,15.329,0.0,22.48,119.64,0.3,0.0,2.61,5
1778597351.69,query/sh_6k,15.329,15.329,0.0,22.48,119.64,0.8,0.0,2.61,5
1778597353.75,query/sh_6k,15.329,15.329,0.0,22.50,119.64,0.3,0.0,2.61,5
1778597355.81,query/sh_6k,15.329,15.329,0.0,22.48,119.64,0.4,0.0,2.61,5
1778597357.86,query/sh_6k,15.329,15.329,0.0,22.47,119.64,0.7,0.0,2.61,5
1778597359.91,query/sh_6k,15.329,15.329,0.0,22.48,119.64,0.3,0.0,2.61,5
1778597361.96,query/sh_6k,15.329,15.329,0.0,22.48,119.64,1.4,0.0,2.61,5
1778597364.01,query/sh_6k,15.329,15.329,0.0,22.46,119.64,0.3,0.0,2.61,5
1778597366.06,query/sh_6k,15.329,15.329,0.0,22.46,119.64,0.3,0.0,2.61,5
1778597368.11,query/sh_6k,15.329,15.329,0.0,22.45,119.64,0.8,0.0,2.61,5
1778597370.17,query/sh_6k,15.329,15.329,0.0,22.45,119.64,0.3,0.0,2.61,5
1778597372.23,query/sh_6k,15.329,15.329,0.0,22.47,119.64,0.8,0.0,2.61,5
1778597374.29,query/sh_6k,15.329,15.329,0.0,22.47,119.64,0.3,0.0,2.61,5
1778597376.34,query/sh_6k,15.329,15.329,0.0,22.48,119.64,0.4,0.0,2.61,5
1778597378.39,query/sh_6k,15.329,15.329,0.0,22.47,119.64,0.7,0.0,2.61,5
1778597380.45,query/sh_6k,15.329,15.329,0.0,22.47,119.64,0.3,0.0,2.61,5
1778597382.51,query/sh_6k,15.329,15.329,0.0,22.47,119.64,0.8,0.0,2.61,5
1778597384.56,query/sh_6k,15.329,15.329,0.0,22.46,119.64,0.3,0.0,2.61,5
1778597386.62,query/sh_6k,15.329,15.329,0.0,22.46,119.64,0.3,0.0,2.61,5
1778597388.67,query/sh_6k,15.329,15.329,0.0,22.47,119.64,0.6,0.0,2.61,5
1778597390.72,query/sh_6k,15.329,15.329,0.0,22.47,119.64,0.3,0.0,2.61,5
1778597392.77,query/sh_6k,15.329,15.329,0.0,22.49,119.64,0.7,0.0,2.61,5
1778597394.82,query/sh_6k,15.329,15.329,0.0,22.47,119.64,0.3,0.0,2.61,5
1778597396.87,query/sh_6k,15.329,15.329,0.0,22.45,119.64,0.5,0.0,2.61,5
1778597398.93,query/sh_6k,15.329,15.329,0.0,22.47,119.64,0.5,0.0,2.61,5
1778597400.98,query/sh_6k,15.329,15.329,0.0,22.47,119.64,0.4,0.0,2.61,5
1778597403.03,query/sh_6k,15.329,15.329,0.0,22.46,119.64,1.4,0.0,2.61,5
1778597405.09,query/sh_6k,15.329,15.329,0.0,22.47,119.64,0.3,0.0,2.61,5
1778597407.14,query/sh_6k,15.329,15.329,0.0,22.48,119.64,0.7,0.0,2.61,5
1778597409.19,query/sh_6k,15.329,15.329,0.0,22.47,119.64,0.3,0.0,2.61,5
1778597411.24,query/sh_6k,15.329,15.329,0.0,22.47,119.64,0.4,0.0,2.61,5
1778597413.30,query/sh_6k,15.329,15.329,0.0,22.47,119.64,0.7,0.0,2.61,5
1778597415.36,query/sh_6k,15.329,15.329,0.0,22.47,119.64,0.3,0.0,2.61,5
1778597417.42,query/sh_6k,15.329,15.329,0.0,22.46,119.64,0.7,0.0,2.61,5
1778597419.47,query/sh_6k,15.329,15.329,0.0,22.46,119.64,0.4,0.0,2.61,5
1778597421.53,query/sh_6k,15.329,15.329,0.0,22.46,119.64,0.3,0.0,2.61,5
1778597423.59,query/sh_6k,15.329,15.329,0.0,22.46,119.64,0.7,0.0,2.61,5
1778597425.65,query/sh_6k,15.329,15.329,0.0,22.48,119.64,0.3,0.0,2.61,5
1778597427.71,query/sh_6k,15.329,15.329,0.0,22.46,119.64,0.7,0.0,2.61,5
1778597429.76,query/sh_6k,15.329,15.329,0.0,22.45,119.64,0.4,0.0,2.61,5
1778597431.81,query/sh_6k,15.329,15.329,0.0,22.45,119.64,0.4,0.0,2.61,5
1778597433.87,query/sh_6k,15.329,15.329,0.0,22.47,119.64,0.7,0.0,2.61,5
1778597435.91,query/sh_6k,15.329,15.329,0.0,22.47,119.64,0.3,0.0,2.61,5
1778597437.96,query/sh_6k,15.329,15.329,0.0,22.46,119.64,1.5,0.0,2.61,5
1778597440.02,query/sh_6k,15.329,15.329,0.0,22.48,119.64,0.3,0.0,2.61,5
1778597442.07,query/sh_6k,15.329,15.329,0.0,22.46,119.64,0.4,0.0,2.61,5
1778597444.12,query/sh_6k,15.329,15.329,0.0,22.46,119.64,0.8,0.0,2.61,5
1778597446.17,query/sh_6k,15.329,15.329,0.0,22.48,119.64,0.4,0.0,2.61,5
1778597448.22,query/sh_6k,15.329,15.329,0.0,22.48,119.64,0.6,0.0,2.61,5
1778597450.27,query/sh_6k,15.329,15.329,0.0,22.50,119.64,0.3,0.0,2.61,5
1778597452.33,query/sh_6k,15.329,15.329,0.0,22.49,119.64,0.5,0.0,2.61,5
1778597454.39,query/sh_6k,15.329,15.329,0.0,22.48,119.64,0.7,0.0,2.61,5
1778597456.45,query/sh_6k,15.329,15.329,0.0,22.50,119.64,0.4,0.0,2.61,5
1778597458.51,query/sh_6k,15.329,15.329,0.0,22.50,119.64,0.7,0.0,2.61,5
1778597460.57,query/sh_6k,15.329,15.329,0.0,22.48,119.64,0.3,0.0,2.61,5
1778597462.62,query/sh_6k,15.329,15.329,0.0,22.47,119.64,0.7,0.0,2.61,5
1778597464.68,query/sh_6k,15.329,15.329,0.0,22.48,119.64,0.3,0.0,2.61,5
1778597466.73,query/sh_6k,15.329,15.329,0.0,22.47,119.64,0.4,0.0,2.61,5
1778597468.79,query/sh_6k,15.329,15.329,0.0,22.43,119.64,0.8,0.0,2.61,5
1778597470.85,query/sh_6k,15.329,15.329,0.0,22.44,119.64,0.4,0.0,2.61,5
1778597472.91,query/sh_6k,15.329,15.329,0.0,22.45,119.64,0.7,0.0,2.61,5
1778597474.97,query/sh_6k,15.329,15.329,0.0,22.47,119.64,1.1,0.0,2.61,5
1778597477.02,query/sh_6k,15.329,15.329,0.0,22.47,119.64,0.3,0.0,2.61,5
1778597479.07,query/sh_6k,15.329,15.329,0.0,22.46,119.64,0.7,0.0,2.61,5
1778597481.12,query/sh_6k,15.329,15.329,0.0,22.46,119.64,0.4,0.0,2.61,5
1778597483.17,query/sh_6k,15.329,15.329,0.0,22.47,119.64,0.8,0.0,2.61,5
1778597485.23,query/sh_6k,15.329,15.329,0.0,22.47,119.64,0.4,0.0,2.61,5
1778597487.29,query/sh_6k,15.329,15.329,0.0,22.48,119.64,0.3,0.0,2.61,5
1778597489.35,query/sh_6k,15.329,15.329,0.0,22.50,119.64,0.3,0.0,2.61,5
1778597491.41,query/sh_6k,15.329,15.329,0.0,22.48,119.64,0.4,0.0,2.61,5
1778597493.46,query/sh_6k,15.329,15.329,0.0,22.47,119.64,0.3,0.0,2.61,5
1778597495.52,query/sh_6k,15.329,15.329,0.0,22.47,119.64,0.3,0.0,2.61,5
1778597497.57,query/sh_6k,15.329,15.329,0.0,22.48,119.64,0.4,0.0,2.61,5
1778597499.62,query/sh_6k,15.329,15.329,0.0,22.46,119.64,0.3,0.0,2.61,5
1778597501.68,query/sh_6k,15.329,15.329,0.0,22.48,119.64,0.3,0.0,2.61,5
1778597503.73,query/sh_6k,15.329,15.329,0.0,22.49,119.64,0.3,0.0,2.61,5
1778597505.79,query/sh_6k,15.329,15.329,0.0,22.47,119.64,0.3,0.0,2.61,5
1778597507.84,query/sh_6k,15.329,15.329,0.0,22.48,119.64,0.3,0.0,2.61,5
1778597509.90,query/sh_6k,15.329,15.329,0.0,22.48,119.64,0.4,0.0,2.61,5
1778597511.95,query/sh_6k,15.329,15.329,0.0,22.50,119.64,0.4,0.0,2.61,5
1778597514.01,query/sh_6k,15.329,15.329,0.0,22.51,119.64,0.3,0.0,2.61,5
1778597516.07,query/sh_6k,15.329,15.329,0.0,22.50,119.64,0.5,0.0,2.61,5
1778597518.13,query/sh_6k,15.329,15.329,0.0,22.49,119.64,0.3,0.0,2.61,5
1778597520.18,query/sh_6k,15.329,15.329,0.0,22.48,119.64,0.3,0.0,2.61,5
1778597522.25,query/sh_6k,15.329,15.329,0.0,22.47,119.64,0.4,0.0,2.61,5
1778597524.30,query/sh_6k,15.329,15.329,0.0,22.46,119.64,0.3,0.0,2.61,5
1778597526.35,query/sh_6k,15.329,15.329,0.0,22.45,119.64,0.4,0.0,2.61,5
1778597528.41,query/sh_6k,15.329,15.329,0.0,22.45,119.64,0.3,0.0,2.61,5
1778597530.46,query/sh_6k,15.329,15.329,0.0,22.44,119.64,0.3,0.0,2.61,5
1778597532.51,query/sh_6k,15.329,15.329,0.0,22.44,119.64,0.4,0.0,2.61,5
1778597534.56,query/sh_6k,15.329,15.329,0.0,22.48,119.64,0.3,0.0,2.61,5
1778597536.62,query/sh_6k,15.329,15.329,0.0,22.47,119.64,0.4,0.0,2.61,5
1778597538.68,query/sh_6k,15.329,15.329,0.0,22.47,119.64,0.3,0.0,2.61,5
1778597540.74,query/sh_6k,15.329,15.329,0.0,22.47,119.64,0.3,0.0,2.61,5
1778597542.80,query/sh_6k,15.329,15.329,0.0,22.51,119.64,0.4,0.0,2.61,5
1778597544.86,query/sh_6k,15.329,15.329,0.0,22.52,119.64,0.4,0.0,2.61,5
1778597546.91,query/sh_6k,15.329,15.329,0.0,22.52,119.64,0.4,0.0,2.61,5
1778597548.97,query/sh_6k,15.329,15.329,0.0,22.52,119.64,0.3,0.0,2.61,5
1778597551.03,query/sh_6k,15.329,15.329,0.0,22.50,119.64,0.4,0.0,2.61,5
1778597553.09,query/sh_6k,15.329,15.329,0.0,22.49,119.64,0.3,0.0,2.61,5
1778597555.15,query/sh_6k,15.329,15.329,0.0,22.48,119.64,0.4,0.0,2.61,5
1778597557.21,query/sh_6k,15.329,15.329,0.0,22.47,119.64,0.4,0.0,2.61,5
1778597559.26,query/sh_6k,15.329,15.329,0.0,22.47,119.64,0.4,0.0,2.61,5
1778597561.36,query/sh_6k,15.329,15.329,21.0,22.46,119.64,14.4,0.0,2.61,5
1778597563.41,query/sh_6k,15.335,15.335,0.0,22.47,119.64,3.9,0.0,2.61,5
1778597565.47,query/sh_6k,15.335,15.335,0.0,22.47,119.64,3.9,0.0,2.61,5
1778597567.53,query/sh_6k,15.335,15.335,0.0,22.47,119.64,4.4,0.0,2.61,5
1778597569.63,query/sh_6k,15.335,15.335,92.0,22.48,119.64,6.8,0.0,2.61,5
1778597571.68,query/sh_6k,15.335,15.335,0.0,22.49,119.64,4.0,0.0,2.61,5
1778597573.74,query/sh_6k,15.335,15.335,0.0,22.49,119.64,4.2,0.0,2.61,5
1778597575.84,query/sh_6k,15.335,15.335,0.0,22.50,119.64,7.4,0.0,2.61,5
1778597577.93,query/sh_6k,15.335,15.335,59.0,22.49,119.64,7.4,0.0,2.61,5
1778597579.99,query/sh_6k,15.335,15.335,2.0,22.49,119.64,3.8,0.0,2.61,5
1778597582.05,query/sh_6k,15.335,15.335,0.0,22.48,119.64,7.7,0.0,2.61,5
1778597584.15,query/sh_6k,15.335,15.335,0.0,22.46,119.64,7.4,0.0,2.61,5
1778597586.21,query/sh_6k,15.335,15.335,0.0,22.47,119.64,4.0,0.0,2.61,5
1778597588.27,query/sh_6k,15.335,15.335,0.0,22.48,119.64,7.5,0.0,2.61,5
1778597590.33,query/sh_6k,15.335,15.335,92.0,22.47,119.64,4.3,0.0,2.61,5
1778597592.44,query/sh_6k,15.335,15.335,0.0,22.51,119.64,10.5,0.0,2.61,5
1778597594.49,query/sh_6k,15.335,15.335,23.0,22.50,119.64,7.4,0.0,2.61,5
1778597596.55,query/sh_6k,15.335,15.335,0.0,22.51,119.64,4.0,0.0,2.61,5
1778597598.61,query/sh_6k,15.397,15.397,0.0,22.57,119.64,4.1,0.0,2.61,5
1778597600.71,query/sh_6k,15.397,15.397,95.0,22.53,119.64,7.2,0.0,2.61,5
1778597602.77,query/sh_6k,15.397,15.397,90.0,22.52,119.64,3.9,0.0,2.61,5
1778597604.82,query/sh_6k,15.397,15.397,0.0,22.53,119.64,3.9,0.0,2.61,5
1778597606.87,query/sh_6k,15.397,15.397,0.0,22.53,119.64,4.1,0.0,2.61,5
1778597608.96,query/sh_6k,15.397,15.397,0.0,22.51,119.64,7.4,0.0,2.61,5
1778597611.02,query/sh_6k,15.397,15.397,92.0,22.54,119.64,4.0,0.0,2.62,5
1778597613.08,query/sh_6k,15.397,15.397,0.0,22.56,119.64,3.9,0.0,2.62,5
1778597615.13,query/sh_6k,15.397,15.397,0.0,22.55,119.64,4.1,0.0,2.62,5
1778597617.21,query/sh_6k,15.397,15.397,92.0,22.55,119.64,4.0,0.0,2.62,5
1778597619.30,query/sh_6k,15.397,15.397,0.0,22.58,119.64,6.9,0.0,2.62,5
1778597621.36,query/sh_6k,15.397,15.397,0.0,22.57,119.64,4.0,0.0,2.62,5
1778597623.45,query/sh_6k,15.397,15.397,95.0,22.59,119.64,4.7,0.0,2.62,5
1778597625.55,query/sh_6k,15.397,15.397,85.0,22.58,119.64,7.7,0.0,2.62,5
1778597627.65,query/sh_6k,15.397,15.397,92.0,22.58,119.64,6.3,0.0,2.62,5
1778597629.71,query/sh_6k,15.397,15.397,0.0,22.59,119.64,3.9,0.0,2.62,5
1778597631.77,query/sh_6k,15.397,15.397,0.0,22.58,119.64,4.2,0.0,2.62,5
1778597633.85,query/sh_6k,15.397,15.397,92.0,22.56,119.64,7.3,0.0,2.62,5
1778597635.90,query/sh_6k,15.397,15.397,0.0,22.55,119.64,3.9,0.0,2.62,5
1778597637.96,query/sh_6k,15.397,15.397,0.0,22.54,119.64,4.4,0.0,2.62,5
1778597640.04,query/sh_6k,15.397,15.397,93.0,22.58,119.64,7.0,0.0,2.62,5
1778597642.10,query/sh_6k,15.397,15.397,0.0,22.55,119.64,3.9,0.0,2.62,5
1778597644.16,query/sh_6k,15.397,15.397,78.0,22.56,119.64,6.9,0.0,2.62,5
1778597646.23,query/sh_6k,15.397,15.397,0.0,22.55,119.64,4.6,0.0,2.62,5
1778597648.29,query/sh_6k,15.397,15.397,0.0,22.54,119.64,3.9,0.0,2.62,5
1778597650.35,query/sh_6k,15.397,15.397,92.0,22.54,119.64,4.3,0.0,2.62,5
1778597652.45,query/sh_6k,15.397,15.397,0.0,22.56,119.64,7.3,0.0,2.62,5
1778597654.50,query/sh_6k,15.397,15.397,0.0,22.57,119.64,4.0,0.0,2.62,5
1778597656.55,query/sh_6k,15.397,15.397,0.0,22.55,119.64,7.5,0.0,2.62,5
1778597658.60,query/sh_6k,15.397,15.397,33.0,22.55,119.64,7.5,0.0,2.62,5
1778597660.67,query/sh_6k,15.397,15.397,20.0,22.52,119.64,3.9,0.0,2.62,5
1778597662.72,query/sh_6k,15.397,15.397,0.0,22.54,119.64,3.9,0.0,2.62,5
1778597664.78,query/sh_6k,15.397,15.397,0.0,22.55,119.64,4.1,0.0,2.62,5
1778597666.88,query/sh_6k,15.397,15.397,0.0,22.55,119.64,7.2,0.0,2.62,5
1778597668.94,query/sh_6k,15.397,15.397,90.0,22.56,119.64,3.9,0.0,2.62,5
1778597670.99,query/sh_6k,15.397,15.397,0.0,22.56,119.64,4.2,0.0,2.62,5
1778597673.09,query/sh_6k,15.397,15.397,0.0,22.53,119.64,10.4,0.0,2.62,5
1778597675.18,query/sh_6k,15.397,15.397,0.0,22.54,119.64,7.4,0.0,2.62,5
1778597677.23,query/sh_6k,15.397,15.397,0.0,22.56,119.64,4.0,0.0,2.62,5
1778597679.29,query/sh_6k,15.397,15.397,21.0,22.56,119.64,4.0,0.0,2.62,5
1778597681.38,query/sh_6k,15.397,15.397,89.0,22.57,119.64,7.3,0.0,2.62,5
1778597683.44,query/sh_6k,15.397,15.397,0.0,22.59,119.64,3.9,0.0,2.62,5
1778597685.50,query/sh_6k,15.397,15.397,0.0,22.60,119.64,3.9,0.0,2.62,5
1778597687.55,query/sh_6k,15.397,15.397,92.0,22.59,119.64,7.7,0.0,2.62,5
1778597689.62,query/sh_6k,15.397,15.397,0.0,22.59,119.64,3.9,0.0,2.62,5
1778597691.67,query/sh_6k,15.397,15.397,0.0,22.56,119.64,0.4,0.0,2.62,5
1778597693.76,query/sh_6k,15.397,15.397,0.0,22.55,119.64,4.2,0.0,2.62,5
1778597695.84,query/sh_6k,15.397,15.397,0.0,22.58,119.64,7.1,0.0,2.62,5
1778597697.90,query/sh_6k,15.397,15.397,41.0,22.58,119.64,4.1,0.0,2.62,5
1778597699.96,query/sh_6k,15.397,15.397,74.0,22.59,119.64,3.8,0.0,2.62,5
1778597702.01,query/sh_6k,15.397,15.397,0.0,22.58,119.64,7.5,0.0,2.62,5
1778597704.06,done/sh_6k,0.000,0.000,4.0,5.21,119.64,4.8,0.0,0.15,6
1778597706.12,setup/mh_6k,0.000,0.000,0.0,5.56,119.64,10.9,0.0,0.75,4
1778597708.18,setup/mh_6k,0.000,0.000,0.0,5.56,119.64,0.5,0.0,0.75,4
1778597710.24,setup/mh_6k,0.000,0.000,0.0,5.88,119.64,4.0,0.0,1.50,5
1778597712.31,indexing/mh_6k,0.412,0.412,1.0,6.61,119.64,2.0,0.0,1.85,5
1778597714.37,indexing/mh_6k,0.740,0.740,2.0,7.30,119.64,1.4,0.0,2.20,5
1778597716.44,indexing/mh_6k,1.150,1.150,1.0,8.09,119.64,1.5,0.0,2.54,5
1778597718.51,indexing/mh_6k,1.451,1.451,2.0,8.74,119.64,1.5,0.0,2.88,5
1778597720.57,indexing/mh_6k,1.861,1.861,1.0,9.59,119.64,1.5,0.0,3.31,5
1778597722.63,indexing/mh_6k,2.271,2.271,1.0,10.31,119.64,1.5,0.0,3.65,5
1778597724.69,indexing/mh_6k,2.572,2.572,1.0,10.95,119.64,1.5,0.0,3.99,5
1778597726.75,indexing/mh_6k,2.982,2.982,1.0,11.76,119.64,1.3,0.0,4.34,5
1778597728.80,indexing/mh_6k,3.975,3.975,1.0,13.64,119.64,1.7,0.0,5.23,5
1778597730.85,indexing/mh_6k,4.850,4.850,1.0,15.55,119.64,1.8,0.0,6.20,5
1778597732.91,indexing/mh_6k,5.068,5.068,1.0,11.83,119.64,2.2,0.0,1.84,5
1778597734.97,indexing/mh_6k,5.479,5.479,1.0,12.58,119.64,1.3,0.0,2.20,5
1778597737.03,indexing/mh_6k,6.189,6.189,1.0,13.65,119.64,1.6,0.0,2.94,5
1778597739.09,indexing/mh_6k,6.600,6.600,1.0,14.38,119.64,1.5,0.0,3.27,5
1778597741.15,indexing/mh_6k,6.869,6.869,1.0,14.95,119.64,1.5,0.0,3.62,5
1778597743.21,indexing/mh_6k,7.229,7.229,1.0,15.68,119.64,1.3,0.0,3.99,5
1778597745.26,indexing/mh_6k,8.049,8.049,2.0,17.30,119.64,1.5,0.0,4.74,5
1778597747.31,indexing/mh_6k,8.350,8.350,1.0,17.96,119.64,1.3,0.0,5.09,5
1778597749.36,indexing/mh_6k,8.760,8.760,2.0,18.67,119.64,1.3,0.0,5.43,5
1778597751.41,indexing/mh_6k,9.061,9.061,1.0,19.32,119.64,1.3,0.0,5.79,5
1778597753.47,indexing/mh_6k,9.408,9.408,1.0,20.01,119.64,1.3,0.0,6.14,5
1778597755.52,indexing/mh_6k,9.799,9.799,1.0,16.40,119.64,2.0,0.0,1.87,5
1778597757.57,indexing/mh_6k,10.510,10.510,2.0,17.62,119.64,1.6,0.0,2.59,5
1778597759.62,indexing/mh_6k,10.811,10.811,1.0,18.29,119.64,1.2,0.0,2.94,5
1778597761.68,indexing/mh_6k,11.189,11.189,1.0,19.11,119.64,1.2,0.0,3.32,5
1778597763.74,indexing/mh_6k,11.549,11.549,1.0,19.79,119.64,1.3,0.0,3.67,5
1778597765.80,indexing/mh_6k,12.369,12.369,2.0,21.25,119.64,1.6,0.0,4.40,5
1778597767.86,indexing/mh_6k,12.670,12.670,1.0,21.98,119.64,1.4,0.0,4.75,5
1778597769.92,indexing/mh_6k,13.080,13.080,2.0,22.64,119.64,1.4,0.0,5.11,5
1778597771.99,indexing/mh_6k,13.381,13.381,1.0,23.44,119.64,1.3,0.0,5.48,5
1778597774.05,indexing/mh_6k,13.791,13.791,1.0,24.20,119.64,1.4,0.0,5.81,5
1778597776.11,indexing/mh_6k,14.092,14.092,1.0,24.87,119.64,1.3,0.0,6.18,5
1778597778.17,indexing/mh_6k,14.393,14.393,0.0,21.02,119.64,2.1,0.0,1.81,5
1778597780.22,indexing/mh_6k,14.721,14.721,1.0,21.71,119.64,1.2,0.0,2.17,5
1778597782.28,indexing/mh_6k,15.339,15.339,59.0,22.52,119.64,3.0,0.0,2.61,5
1778597784.38,query/mh_6k,15.339,15.339,0.0,22.55,119.64,4.6,0.0,2.61,5
1778597786.46,query/mh_6k,15.339,15.339,95.0,22.53,119.64,7.3,0.0,2.61,5
1778597788.53,query/mh_6k,15.339,15.339,0.0,22.55,119.64,3.9,0.0,2.61,5
1778597790.59,query/mh_6k,15.339,15.339,0.0,22.57,119.64,0.4,0.0,2.61,5
1778597792.64,query/mh_6k,15.339,15.339,95.0,22.57,119.64,4.1,0.0,2.61,5
1778597794.70,query/mh_6k,15.339,15.339,0.0,22.55,119.64,3.9,0.0,2.61,5
1778597796.75,query/mh_6k,15.339,15.339,0.0,22.56,119.64,4.0,0.0,2.61,5
1778597798.84,query/mh_6k,15.339,15.339,0.0,22.54,119.64,7.4,0.0,2.61,5
1778597800.89,query/mh_6k,15.339,15.339,91.0,22.51,119.64,7.6,0.0,2.61,5
1778597802.94,query/mh_6k,15.339,15.339,92.0,22.50,119.64,7.7,0.0,2.61,5
1778597805.00,query/mh_6k,15.339,15.339,90.0,22.47,119.64,3.8,0.0,2.61,5
1778597807.06,query/mh_6k,15.339,15.339,0.0,22.47,119.64,4.5,0.0,2.61,5
1778597809.17,query/mh_6k,15.339,15.339,0.0,22.48,119.64,6.7,0.0,2.61,5
1778597811.22,query/mh_6k,15.339,15.339,0.0,22.49,119.64,7.5,0.0,2.61,5
1778597813.28,query/mh_6k,15.339,15.339,0.0,22.48,119.64,3.9,0.0,2.61,5
1778597815.34,query/mh_6k,15.339,15.339,0.0,22.48,119.64,0.4,0.0,2.61,5
1778597817.44,query/mh_6k,15.339,15.339,0.0,22.50,119.64,4.1,0.0,2.61,5
1778597819.53,query/mh_6k,15.339,15.339,0.0,22.49,119.64,3.8,0.0,2.61,5
1778597821.59,query/mh_6k,15.339,15.339,93.0,22.47,119.64,4.1,0.0,2.61,5
1778597823.64,query/mh_6k,15.339,15.339,0.0,22.50,119.64,3.9,0.0,2.61,5
1778597825.69,query/mh_6k,15.339,15.339,0.0,22.50,119.64,4.1,0.0,2.61,5
1778597827.78,query/mh_6k,15.339,15.339,0.0,22.52,119.64,5.8,0.0,2.61,5
1778597829.86,query/mh_6k,15.339,15.339,92.0,22.48,119.64,5.4,0.0,2.61,5
1778597831.92,query/mh_6k,15.339,15.339,79.0,22.48,119.64,4.0,0.0,2.61,5
1778597833.98,query/mh_6k,15.401,15.401,0.0,22.53,119.64,4.1,0.0,2.61,5
1778597836.08,query/mh_6k,15.401,15.401,0.0,22.53,119.64,7.3,0.0,2.61,5
1778597838.16,query/mh_6k,15.401,15.401,0.0,22.55,119.64,3.9,0.0,2.61,5
1778597840.22,query/mh_6k,15.401,15.401,0.0,22.58,119.64,7.4,0.0,2.62,5
1778597842.28,query/mh_6k,15.401,15.401,0.0,22.58,119.64,4.1,0.0,2.62,5
1778597844.37,query/mh_6k,15.401,15.401,90.0,22.55,119.64,7.3,0.0,2.62,5
1778597846.43,query/mh_6k,15.401,15.401,90.0,22.54,119.64,4.0,0.0,2.62,5
1778597848.48,query/mh_6k,15.401,15.401,0.0,22.53,119.64,3.9,0.0,2.62,5
1778597850.54,query/mh_6k,15.401,15.401,0.0,22.53,119.64,3.9,0.0,2.62,5
1778597852.59,query/mh_6k,15.401,15.401,0.0,22.53,119.64,4.3,0.0,2.62,5
1778597854.68,query/mh_6k,15.401,15.401,93.0,22.55,119.64,7.2,0.0,2.62,5
1778597856.74,query/mh_6k,15.401,15.401,0.0,22.58,119.64,3.9,0.0,2.62,5
1778597858.80,query/mh_6k,15.401,15.401,0.0,22.57,119.64,7.4,0.0,2.62,5
1778597860.85,query/mh_6k,15.401,15.401,0.0,22.60,119.64,0.3,0.0,2.62,5
1778597862.91,query/mh_6k,15.401,15.401,0.0,22.58,119.64,0.4,0.0,2.62,5
1778597864.99,query/mh_6k,15.401,15.401,0.0,22.59,119.64,7.6,0.0,2.62,5
1778597867.08,query/mh_6k,15.401,15.401,0.0,22.58,119.64,4.2,0.0,2.62,5
1778597869.17,query/mh_6k,15.401,15.401,0.0,22.56,119.64,6.9,0.0,2.62,5
1778597871.23,query/mh_6k,15.401,15.401,0.0,22.54,119.64,7.5,0.0,2.62,5
1778597873.29,query/mh_6k,15.401,15.401,0.0,22.53,119.64,4.0,0.0,2.62,5
1778597875.35,query/mh_6k,15.401,15.401,0.0,22.51,119.64,4.0,0.0,2.62,5
1778597877.41,query/mh_6k,15.401,15.401,92.0,22.53,119.64,4.3,0.0,2.62,5
1778597879.49,query/mh_6k,15.401,15.401,93.0,22.53,119.64,10.5,0.0,2.62,5
1778597881.58,query/mh_6k,15.401,15.401,0.0,22.53,119.64,7.7,0.0,2.62,5
1778597883.67,query/mh_6k,15.401,15.401,92.0,22.55,119.64,7.2,0.0,2.62,5
1778597885.73,query/mh_6k,15.401,15.401,0.0,22.56,119.64,3.9,0.0,2.62,5
1778597887.79,query/mh_6k,15.401,15.401,0.0,22.56,119.64,0.6,0.0,2.62,5
1778597889.87,query/mh_6k,15.401,15.401,93.0,22.56,119.64,7.3,0.0,2.62,5
1778597891.92,query/mh_6k,15.401,15.401,0.0,22.58,119.64,0.4,0.0,2.62,5
1778597893.97,query/mh_6k,15.401,15.401,0.0,22.60,119.64,3.9,0.0,2.62,5
1778597896.03,query/mh_6k,15.401,15.401,60.0,22.57,119.64,4.2,0.0,2.62,5
1778597898.08,query/mh_6k,15.401,15.401,35.0,22.55,119.64,3.7,0.0,2.62,5
1778597900.13,query/mh_6k,15.401,15.401,0.0,22.54,119.64,3.9,0.0,2.62,5
1778597902.19,query/mh_6k,15.401,15.401,85.0,22.53,119.64,7.6,0.0,2.62,5
1778597904.24,query/mh_6k,15.401,15.401,0.0,22.55,119.64,3.9,0.0,2.62,5
1778597906.30,query/mh_6k,15.401,15.401,0.0,22.53,119.64,7.3,0.0,2.62,5
1778597908.36,query/mh_6k,15.401,15.401,0.0,22.54,119.64,3.9,0.0,2.62,5
1778597910.42,query/mh_6k,15.401,15.401,0.0,22.55,119.64,4.0,0.0,2.62,5
1778597912.52,query/mh_6k,15.401,15.401,92.0,22.57,119.64,7.3,0.0,2.62,5
1778597914.58,query/mh_6k,15.401,15.401,90.0,22.57,119.64,4.1,0.0,2.62,5
1778597916.64,query/mh_6k,15.401,15.401,0.0,22.57,119.64,3.9,0.0,2.62,5
1778597918.70,query/mh_6k,15.401,15.401,0.0,22.58,119.64,3.9,0.0,2.62,5
1778597920.75,query/mh_6k,15.401,15.401,0.0,22.56,119.64,7.4,0.0,2.62,5
1778597922.80,query/mh_6k,15.401,15.401,0.0,22.57,119.64,4.0,0.0,2.62,5
1778597924.85,query/mh_6k,15.401,15.401,90.0,22.59,119.64,3.9,0.0,2.62,5
1778597926.90,query/mh_6k,15.401,15.401,88.0,22.59,119.64,3.9,0.0,2.62,5
1778597928.96,query/mh_6k,15.401,15.401,0.0,22.59,119.64,3.8,0.0,2.62,5
1778597931.01,query/mh_6k,15.401,15.401,0.0,22.59,119.64,0.7,0.0,2.62,5
1778597933.11,query/mh_6k,15.401,15.401,0.0,22.59,119.64,7.3,0.0,2.62,5
1778597935.17,query/mh_6k,15.401,15.401,88.0,22.58,119.64,3.9,0.0,2.62,5
1778597937.22,query/mh_6k,15.401,15.401,0.0,22.57,119.64,0.4,0.0,2.62,5
1778597939.27,query/mh_6k,15.401,15.401,0.0,22.57,119.64,7.5,0.0,2.62,5
1778597941.32,query/mh_6k,15.401,15.401,0.0,22.57,119.64,0.4,0.0,2.62,5
1778597943.37,query/mh_6k,15.401,15.401,0.0,22.56,119.64,3.9,0.0,2.62,5
1778597945.46,query/mh_6k,15.401,15.401,93.0,22.57,119.64,7.5,0.0,2.62,5
1778597947.52,query/mh_6k,15.401,15.401,93.0,22.57,119.64,7.6,0.0,2.62,5
1778597949.58,query/mh_6k,15.401,15.401,0.0,22.56,119.64,0.8,0.0,2.62,5
